{"stats":{"minecraft:mined":{"minecraft:grass_block":1,"minecraft:oak_planks":12,"minecraft:oak_log":26,"minecraft:dirt":2,"minecraft:oak_leaves":94,"minecraft:crafting_table":1,"minecraft:birch_leaves":2},"minecraft:custom":{"minecraft:interact_with_crafting_table":11,"minecraft:open_barrel":42,"minecraft:open_shulker_box":69,"minecraft:bell_ring":104,"minecraft:leave_game":22,"minecraft:time_since_death":14745,"minecraft:sprint_one_cm":52243,"minecraft:drop":54,"minecraft:talked_to_villager":33,"minecraft:play_time":1604890,"minecraft:deaths":3,"minecraft:jump":2342,"minecraft:walk_on_water_one_cm":5450,"minecraft:interact_with_furnace":9,"minecraft:interact_with_cartography_table":2,"minecraft:interact_with_loom":3,"minecraft:sleep_in_bed":2,"minecraft:damage_dealt":20785,"minecraft:crouch_one_cm":15975,"minecraft:interact_with_smoker":3,"minecraft:horse_one_cm":2898,"minecraft:interact_with_smithing_table":8,"minecraft:interact_with_anvil":1,"minecraft:mob_kills":125,"minecraft:fill_cauldron":8,"minecraft:climb_one_cm":25086,"minecraft:walk_one_cm":2509756,"minecraft:target_hit":25,"minecraft:sneak_time":18300,"minecraft:walk_under_water_one_cm":2713,"minecraft:interact_with_lectern":1,"minecraft:interact_with_blast_furnace":2,"minecraft:total_world_time":1604890,"minecraft:tune_noteblock":138,"minecraft:pot_flower":62,"minecraft:interact_with_grindstone":6,"minecraft:interact_with_stonecutter":1,"minecraft:time_since_rest":14776,"minecraft:damage_taken":759,"minecraft:fly_one_cm":2770251,"minecraft:open_chest":17,"minecraft:fall_one_cm":7662},"minecraft:dropped":{"minecraft:orange_dye":1,"minecraft:lantern":1,"minecraft:dirt":1,"minecraft:red_bed":1,"minecraft:carrot":64,"minecraft:beetroot_seeds":64,"minecraft:melon_seeds":96,"minecraft:ladder":1,"minecraft:wheat_seeds":64,"minecraft:grass_block":1,"minecraft:spruce_fence_gate":1,"minecraft:stick":15,"minecraft:bee_spawn_egg":2,"minecraft:spruce_hanging_sign":1,"minecraft:oak_stairs":2,"minecraft:blue_terracotta":1,"minecraft:moss_carpet":1,"minecraft:villager_spawn_egg":1,"minecraft:light_blue_concrete":1,"minecraft:spruce_fence":1,"minecraft:pumpkin_seeds":33,"minecraft:potato":96,"minecraft:oak_sapling":5,"minecraft:wooden_shovel":1,"minecraft:carved_pumpkin":1,"minecraft:barrel":1,"minecraft:bow":1},"minecraft:crafted":{"minecraft:oak_planks":104,"minecraft:crafting_table":2,"minecraft:leather_chestplate":3,"minecraft:oak_door":3,"minecraft:leather_leggings":3,"minecraft:leather_boots":4,"minecraft:leather_helmet":3,"minecraft:oak_stairs":44},"minecraft:used":{"minecraft:cherry_sapling":5,"minecraft:moss_carpet":2,"minecraft:blue_terracotta":25,"minecraft:writable_book":1,"minecraft:spruce_slab":1167,"minecraft:poppy":1,"minecraft:ladder":33,"minecraft:oak_sign":23,"minecraft:black_carpet":1,"minecraft:decorated_pot":3,"minecraft:chest":36,"minecraft:white_terracotta":1053,"minecraft:bell":6,"minecraft:farmland":7,"minecraft:lily_of_the_valley":2,"minecraft:brick_slab":48,"minecraft:waxed_copper_door":2,"minecraft:allium":3,"minecraft:waxed_copper_grate":9,"minecraft:beehive":14,"minecraft:cyan_wool":3,"minecraft:stripped_spruce_log":1111,"minecraft:packed_ice":2,"minecraft:bricks":300,"minecraft:netherite_shovel":189,"minecraft:stripped_dark_oak_wood":19,"minecraft:villager_spawn_egg":92,"minecraft:red_wool":3,"minecraft:lantern":236,"minecraft:grass_block":1076,"minecraft:blue_orchid":2,"minecraft:polished_andesite_stairs":3,"minecraft:netherite_hoe":490,"minecraft:dark_oak_slab":24,"minecraft:stone_brick_stairs":79,"minecraft:stone_bricks":289,"minecraft:item_frame":82,"minecraft:netherite_boots":1,"minecraft:spruce_hanging_sign":29,"minecraft:red_carpet":14,"minecraft:repeater":2,"minecraft:redstone_lamp":6,"minecraft:bow":27,"minecraft:brown_carpet":4,"minecraft:snow":2,"minecraft:hay_block":16,"minecraft:sweet_berries":5,"minecraft:scaffolding":24,"minecraft:furnace":24,"minecraft:gray_bed":2,"minecraft:beetroot_seeds":7,"minecraft:egg":2,"minecraft:potato":13,"minecraft:stripped_spruce_wood":14,"minecraft:light_blue_carpet":3,"minecraft:short_grass":2,"minecraft:dark_oak_stairs":17,"minecraft:leather_leggings":1,"minecraft:end_rod":35,"minecraft:cow_spawn_egg":4,"minecraft:torchflower":6,"minecraft:brick_wall":163,"minecraft:spruce_door":34,"minecraft:stripped_birch_log":2,"minecraft:acacia_trapdoor":33,"minecraft:gray_carpet":4,"minecraft:oak_planks":565,"minecraft:birch_wood":36,"minecraft:orange_tulip":2,"minecraft:composter":22,"minecraft:blue_bed":1,"minecraft:diamond_axe":12,"minecraft:white_wool":104,"minecraft:dark_oak_trapdoor":8,"minecraft:light_blue_concrete":274,"minecraft:waxed_exposed_copper_grate":3,"minecraft:loom":3,"minecraft:light_blue_wool":3,"minecraft:blast_furnace":5,"minecraft:note_block":32,"minecraft:stone_brick_wall":11,"minecraft:black_bed":1,"minecraft:pumpkin_seeds":10,"minecraft:redstone_torch":3,"minecraft:sticky_piston":1,"minecraft:lever":17,"minecraft:black_concrete":15,"minecraft:mace":22,"minecraft:lime_carpet":5,"minecraft:cyan_bed":4,"minecraft:brown_wool":4,"minecraft:barrier":28,"minecraft:stone_button":13,"minecraft:cyan_carpet":9,"minecraft:lectern":5,"minecraft:polished_granite":22,"minecraft:oak_pressure_plate":1,"minecraft:iron_door":19,"minecraft:gravel":39,"minecraft:flowering_azalea_leaves":10,"minecraft:lilac":2,"minecraft:grindstone":5,"minecraft:dark_oak_fence":4,"minecraft:smithing_table":4,"minecraft:andesite":41,"minecraft:chain":29,"minecraft:smooth_stone_slab":23,"minecraft:tropical_fish_bucket":8,"minecraft:coarse_dirt":31,"minecraft:waxed_copper_bulb":2,"minecraft:bone_meal":36,"minecraft:purple_wool":3,"minecraft:oak_trapdoor":162,"minecraft:oak_fence":108,"minecraft:netherite_sword":349,"minecraft:enchanting_table":3,"minecraft:rose_bush":1,"minecraft:iron_bars":24,"minecraft:flint_and_steel":4,"minecraft:white_tulip":3,"minecraft:carved_pumpkin":7,"minecraft:armor_stand":13,"minecraft:stone_shovel":33,"minecraft:redstone":58,"minecraft:light_gray_carpet":17,"minecraft:spruce_planks":317,"minecraft:ender_chest":1,"minecraft:wooden_shovel":449,"minecraft:oak_door":2,"minecraft:orange_bed":2,"minecraft:bee_spawn_egg":6,"minecraft:torch":19,"minecraft:brewing_stand":1,"minecraft:dirt":148,"minecraft:target":11,"minecraft:anvil":3,"minecraft:white_carpet":9,"minecraft:spruce_stairs":1447,"minecraft:stone_stairs":14,"minecraft:yellow_carpet":9,"minecraft:golden_shovel":25,"minecraft:glow_lichen":14,"minecraft:granite":41,"minecraft:spruce_fence":785,"minecraft:blue_concrete":237,"minecraft:oak_fence_gate":89,"minecraft:fern":2,"minecraft:birch_door":4,"minecraft:stone_brick_slab":22,"minecraft:red_shulker_box":8,"minecraft:dark_oak_planks":39,"minecraft:sea_lantern":1,"minecraft:flowering_azalea":5,"minecraft:red_tulip":7,"minecraft:bookshelf":99,"minecraft:iron_block":5,"minecraft:oak_stairs":1127,"minecraft:spruce_button":37,"minecraft:brick_stairs":111,"minecraft:bamboo_hanging_sign":3,"minecraft:chicken_spawn_egg":13,"minecraft:melon_seeds":10,"minecraft:barrel":104,"minecraft:tripwire_hook":3,"minecraft:dark_oak_pressure_plate":2,"minecraft:stone_pressure_plate":1,"minecraft:brown_bed":1,"minecraft:pointed_dripstone":2,"minecraft:wheat_seeds":33,"minecraft:chiseled_bookshelf":10,"minecraft:water_bucket":141,"minecraft:cobblestone_stairs":152,"minecraft:dirt_path":813,"minecraft:birch_planks":54,"minecraft:polished_andesite":13,"minecraft:lime_wool":3,"minecraft:cartography_table":2,"minecraft:cauldron":14,"minecraft:spruce_sign":17,"minecraft:sheep_spawn_egg":10,"minecraft:stonecutter":1,"minecraft:fletching_table":1,"minecraft:cobblestone_slab":57,"minecraft:spruce_fence_gate":51,"minecraft:horse_spawn_egg":1,"minecraft:cracked_stone_bricks":21,"minecraft:glow_item_frame":2,"minecraft:mossy_cobblestone":54,"minecraft:light_gray_banner":1,"minecraft:comparator":1,"minecraft:stripped_dark_oak_log":194,"minecraft:oak_slab":696,"minecraft:crafting_table":11,"minecraft:lime_bed":1,"minecraft:red_bed":5,"minecraft:campfire":56,"minecraft:lime_shulker_box":11,"minecraft:painting":48,"minecraft:smoker":7,"minecraft:cake":1,"minecraft:spruce_log":3,"minecraft:oak_log":1294,"minecraft:piston":8,"minecraft:flower_pot":82,"minecraft:cornflower":1,"minecraft:oxeye_daisy":3,"minecraft:diamond_shovel":5,"minecraft:dead_fire_coral":1,"minecraft:sunflower":2,"minecraft:oak_button":30,"minecraft:pig_spawn_egg":11,"minecraft:map":202,"minecraft:spruce_pressure_plate":7,"minecraft:detector_rail":7,"minecraft:spruce_trapdoor":871,"minecraft:blue_carpet":16,"minecraft:cobblestone":115,"minecraft:purple_bed":1,"minecraft:white_banner":7,"minecraft:glass_pane":260,"minecraft:yellow_bed":2,"minecraft:polished_blackstone_button":33,"minecraft:sea_pickle":19,"minecraft:stripped_oak_log":555,"minecraft:purple_carpet":3,"minecraft:candle":15},"minecraft:killed":{"minecraft:skeleton":2,"minecraft:bee":3,"minecraft:chicken":10,"minecraft:pig":8,"minecraft:iron_golem":1,"minecraft:creeper":1,"minecraft:sheep":8,"minecraft:zombie":1,"minecraft:cow":2,"minecraft:bat":1,"minecraft:villager":87},"minecraft:picked_up":{"minecraft:birch_door":2,"minecraft:light_blue_concrete":1,"minecraft:bee_spawn_egg":2,"minecraft:oak_stairs":1,"minecraft:string":1,"minecraft:redstone_torch":1,"minecraft:wooden_shovel":2,"minecraft:furnace":1,"minecraft:stick":26,"minecraft:spruce_stairs":1,"minecraft:porkchop":17,"minecraft:villager_spawn_egg":1,"minecraft:rotten_flesh":2,"minecraft:carved_pumpkin":1,"minecraft:spruce_hanging_sign":3,"minecraft:feather":8,"minecraft:iron_door":3,"minecraft:potato":32,"minecraft:dirt":4,"minecraft:lantern":26,"minecraft:bone":1,"minecraft:bow":1,"minecraft:wheat_seeds":18,"minecraft:oak_planks":12,"minecraft:stripped_spruce_log":1,"minecraft:ink_sac":3,"minecraft:grass_block":2,"minecraft:barrel":1,"minecraft:spruce_fence_gate":1,"minecraft:blue_terracotta":1,"minecraft:polished_blackstone_button":2,"minecraft:spruce_button":1,"minecraft:oak_sapling":14,"minecraft:light_gray_carpet":7,"minecraft:crafting_table":1,"minecraft:azure_bluet":1,"minecraft:chicken":10,"minecraft:ladder":1,"minecraft:red_bed":1,"minecraft:moss_carpet":1,"minecraft:white_carpet":2,"minecraft:item_frame":1,"minecraft:detector_rail":1,"minecraft:beef":3,"minecraft:poppy":2,"minecraft:spruce_trapdoor":1,"minecraft:egg":7,"minecraft:lime_shulker_box":9,"minecraft:orange_dye":1,"minecraft:spruce_fence":3,"minecraft:stone_button":9,"minecraft:redstone":1,"minecraft:arrow":3,"minecraft:red_shulker_box":7,"minecraft:mutton":12,"minecraft:white_wool":8,"minecraft:oxeye_daisy":1,"minecraft:leather":2,"minecraft:oak_log":42,"minecraft:white_banner":2,"minecraft:cooked_mutton":1,"minecraft:apple":3,"minecraft:iron_ingot":5,"minecraft:oak_fence_gate":1,"minecraft:oak_slab":2,"minecraft:dandelion":15,"minecraft:spruce_door":4,"minecraft:diamond_shovel":1,"minecraft:pumpkin_seeds":33,"minecraft:melon_seeds":96,"minecraft:sunflower":1}},"DataVersion":3953}